GPA,Gender,breakfast,calories_chicken,calories_day,calories_scone,coffee,comfort_food,comfort_food_reasons,diet_current,eating_changes,fav_cuisine,food_childhood,healthy_meal,ideal_diet,meals_dinner_friend,on_off_campus,sports,tortilla_calories,turkey_calories,type_sports,vitamins,waffle_calories,weight_clean,weight_status,father_profession_clean,mother_profession_clean,comfort_reason,eating_change,current_diet,fruit_day1,grade_level1,healthy_feeling1,income1,marital_status1,mother_education1,father_education1,veggies_day1,exercise1,employment1,eating_change1,eating_ou1t,fav_food1,greek_food1,indian_food1,ethnic_food1,italian_food1,persian_food1,thai_food1
2.4,Male,Cereal,430,,315.0,Yes,none,we dont have comfort ,eat good and exercise,eat faster ,Indian,rice  and chicken ,looks not oily ,,"rice, chicken,  soup",1.0,Yes,1165.0,345,car racing,Yes,1315,187.0,Obese,Other,Other,,No change,,5 or more,Sophomore,Unhealthy,$80k–$100k,Single,No High School,Postgrad,5 or more,Every day,Full-time,,1–3 times a week,Very Unlikely,Very Likely,Very Likely,Very Unlikely,Very Likely,Very Likely,Very Unlikely
3.654,Female,Cereal,610,3.0,420.0,No,"chocolate, chips, ice cream","Stress, bored, anger",I eat about three times a day with some snacks. I try to eat healthy but it doesn't always work out that- sometimes eat fast food and mainly eat at Laker/ Egan ,I eat out more than usual. ,Italian,"chicken and biscuits, beef soup, baked beans","Grains, Veggies, (more of grains and veggies), small protein and fruit with dairy ",High Protein,"Pasta, steak, chicken ",1.0,Yes,725.0,690,Basketball ,No,900,155.0,Normal,Self-employed,Other,Boredom,No change,Vegetarian,4,Senior,Very Healthy,$60k–$80k,Married,Bachelor,High School,4,Every day,Part-time,,4–5 times a week,Very Unlikely,Likely,Likely,Likely,Likely,Likely,Unlikely
3.3,Female,Cereal,720,4.0,420.0,No,"frozen yogurt, pizza, fast food","stress, sadness","toast and fruit for breakfast, salad for lunch, usually grilled chicken and veggies (or some variation) for dinner",sometimes choosing to eat fast food instead of cooking simply for convenience,Italian,"mac and cheese, pizza, tacos",usually includes natural ingredients; nonprocessed food,,"chicken and rice with veggies, pasta, some kind of healthy recipe",2.0,No,1165.0,500,none,Yes,900,,Obese,Business Owner,Business Owner,Boredom,No change,Vegan,5 or more,Junior,,More than $100k,Married,High School,High School,5 or more,Few times a week,Full-time,,4–5 times a week,Neutral,Very Likely,Very Likely,Very Likely,Very Likely,Very Likely,Very Likely
3.2,Female,Cereal,430,3.0,420.0,No,"Pizza, Mac and cheese, ice cream",Boredom,"College diet, cheap and easy foods most nights. Weekends traditionally, cook better homemade meals  ",Accepting cheap and premade/store bought foods,Indian,"Beef stroganoff, tacos, pizza","Fresh fruits& vegetables, organic meats ",Low Carb,"Grilled chicken Stuffed ShellsHomemade Chili",1.0,No,725.0,690,,Yes,1315,240.0,Obese,Other,Employed,Depressed,No change,Vegetarian,4,Senior,,More than $100k,Married,Bachelor,High School,3,Once a week,Full-time,,4–5 times a week,Very Unlikely,Very Likely,Very Likely,Very Likely,Very Likely,Very Likely,Very Likely
3.5,Female,Cereal,720,2.0,420.0,No,"Ice cream, chocolate, chips ","Stress, boredom, cravings ",I try to eat healthy but often struggle because of living on campus. I still try to keep the choices I do make balanced with fruits and vegetables and limit the sweats. ,I have eaten generally the same foods but I do find myself eating the same food frequently due to what I have found I like from egan and the laker. ,Italian,"Pasta, chicken tender, pizza ","A lean protein such as grilled chicken, green vegetables and  brown rice or other whole grain ",Low Carb,"Chicken Parmesan, Pulled Pork, Spaghetti and meatballs ",1.0,Yes,940.0,500,Softball,No,760,190.0,Obese,Other,Other,Boredom,Unhealthier eating,Vegetarian,4,Senior,,More than $100k,Single,Postgrad,Bachelor,4,Every day,Part-time,,4–5 times a week,Neutral,Likely,Unlikely,Likely,Very Likely,Unlikely,Likely
2.25,Female,Cereal,610,3.0,980.0,No,"Candy, brownies and soda.","None, i don't eat comfort food. I just eat when i'm hungry.",My current diet is terrible. I barely have time to eat a meal in a day. When i do eat it's mostly not healthy.,Eating rice everyday. Eating less homemade food.,Other,"Fries, plaintain & fried fish","Requires veggies, fruits and a cooked meal. ",Low Carb,Anything they'd want. I'd ask them before hand what they want to eat and it depends on which type of friend is coming.,1.0,No,940.0,345,None.,No,1315,190.0,Obese,Other,Other,Stressed,No change,Vegetarian,2,Sophomore,Healthy,Less than $20k,Married,No High School,No High School,1 or less,Few times a week,Full-time,,Every day,Neutral,Unlikely,Very Likely,Likely,Very Likely,Very Likely,Likely
3.8,Male,Cereal,610,3.0,420.0,No,"Chocolate, ice cream, french fries, pretzels","stress, boredom","I eat a lot of chicken and broccoli for dinner, and usually tuna sandwiches for lunch.",I started eating a lot less and healthier because I wasn't playing sports year round anymore.,Chinese,"grilled chicken, hamburgers","Protein, vegetables, fruit, and some carbs",Low Carb,"Grilled chicken, steak, pizza",2.0,Yes,940.0,690,soccer,Yes,1315,180.0,Normal,Other,Other,Boredom,Healthier eating,Vegan,4,Senior,Healthy,$60k–$80k,Single,Bachelor,Bachelor,4,Every day,Full-time,,4–5 times a week,Very Unlikely,Very Likely,Very Likely,Very Likely,Very Likely,Very Likely,Very Likely
3.3,Female,Cereal,720,3.0,420.0,Yes,"Ice cream, cheeseburgers, chips.","I eat comfort food when im stressed out from school(finals week), when I`m sad, or when i am dealing with personal family issues.","I eat a very healthy diet. Ocassionally, i will eat out and get unhealthy food.","Freshmen year i ate very unhealthy, but now it is much healthier because of self control.",American,"chicken, cheesey potatoes, and hot dogs",A healthy meal has a piece of meat followed by a lot of fruit and veggies,Low Carb,"chicken, steak, pasta ",1.0,No,725.0,500,none,No,1315,137.0,Normal,Business Owner,Other,Boredom,Healthier eating,,5 or more,Sophomore,Neutral,$80k–$100k,Single,High School,Some College,4,Few times a week,Part-time,,4–5 times a week,Very Unlikely,Neutral,Very Unlikely,Unlikely,Neutral,Very Unlikely,Very Unlikely
3.3,Female,Cereal,430,,420.0,Yes,"Donuts, ice cream, chips",Boredom ,I eat whatever I want in moderation.,I snack less,Italian,"Shrimp, spaghetti",Colorful,,"Pasta, Fish, Steak",1.0,No,725.0,345,none,No,760,180.0,Normal,Other,Employed,Depressed,Healthier eating,,4,Freshman,,$80k–$100k,Married,Postgrad,Postgrad,3,,Part-time,,Never,Neutral,Very Likely,Very Likely,Very Likely,Very Likely,Very Likely,Very Likely
3.3,Female,Cereal,430,3.0,315.0,No,"Mac and cheese, chocolate, and pasta ","Stress, anger and sadness ","I eat healthy all the time when possible. I treat myself occasionally. I don't really like the greasy meals, if anything I would eat sweets over the greasy meals.  ",I cook a lot of my own foods back at home so not being able to cook my own healthy choices. I eat more carbs than normal when I'm at college due to the choices given in the cafe. ,Italian,"Pasta, Eggs, Pancakes ",Chicken and rice with a side of veggies. ,Low Carb,pasta salad and bread,1.0,Yes,580.0,345,field hockey,Yes,900,125.0,Normal,Other,Other,Boredom,No change,,5 or more,Freshman,Neutral,$60k–$80k,Married,Postgrad,Postgrad,5 or more,Every day,Full-time,,1–3 times a week,Very Unlikely,Very Likely,Likely,Very Likely,Very Likely,Likely,Likely
3.5,Female,Cereal,610,3.0,980.0,No,"Pasta, grandma homemade chocolate cake anything homemade ",Boredom ,i eat very healthy. Maybe eat out 1-2 times a week.,Nun ,Chinese,Chicken,"Chicken, and veggies ",,"chicken al king, spaghetti, fish",3.0,Yes,940.0,345,soccer,No,900,116.0,Normal,Other,Other,Depressed,Unhealthier eating,,5 or more,Junior,,$40k–$60k,Single,Bachelor,High School,5 or more,Every day,Unemployed,,4–5 times a week,Very Unlikely,Very Unlikely,Very Unlikely,Very Likely,Very Likely,Unlikely,Unlikely
3.904,Female,Cereal,720,4.0,420.0,No,"chocolate, pasta, soup, chips, popcorn","sadness, stress, cold weather","I am very health concious. I eat many fruits, veggies, and protiens. ",Less meat. ,Italian,Scalloped potatoes and ham ,"lean protein, veggies, fruit, complex carbs",Low Carb,"Chicken parm, Fish, Pasta dishes ",1.0,Yes,940.0,500,Running,Yes,900,110.0,Normal,Other,Other,Happy,,,5 or more,Sophomore,Very Unhealthy,$80k–$100k,Married,Bachelor,Some College,5 or more,Every day,Part-time,,Every day,Very Unlikely,Very Likely,Very Likely,Very Likely,Very Likely,Very Likely,Very Likely
3.4,Male,Cereal,430,3.0,420.0,No,"Cookies, popcorn, and chips","Sadness, boredom, late night snack ",I focus mostly on proteins and fruits. I eat a lot less vegetables and a few carbohydrates.,I have been eating a lot more salads and soups.,Chinese,"Pizza, chicken wings, and corn on the cob ",A salad with a reasonable amount of dressing and a meat.,Balanced,"Cereal, pizza, toast ",1.0,Yes,940.0,500,Soccer and basketball ,No,575,264.0,Obese,Other,Other,Happy,Healthier eating,,4,Freshman,,$80k–$100k,Married,Bachelor,Some College,3,Once a week,Full-time,,Every day,Neutral,Neutral,Neutral,Likely,Likely,Neutral,Neutral
3.6,Female,Cereal,610,3.0,420.0,No,"ice cream, cake, chocolate","stress,  boredom, special occasions",Not as healthy when I am at school compared to home. Still very aware of the nutrition I am taking in.,not as healthy because healthy food goes bad quickly and it is expensive,Italian,"steak, lasagna, crab",Lots of vegetabls with some grains like rice. Also has lean meat such as fish or chicken.,Low Carb,"pasta, chicken, steak",2.0,Yes,1165.0,850,intramural volleyball,No,1315,123.0,Normal,Business Owner,Business Owner,Boredom,No change,Vegetarian,5 or more,Junior,,$80k–$100k,Married,Bachelor,High School,5 or more,Few times a week,Part-time,,Rarely,Very Unlikely,Likely,Neutral,Very Likely,Very Likely,Neutral,Very Likely
3.1,Male,Cereal,610,3.0,420.0,No,"Pizza, fruit, spaghetti, chicken and Potatoes  ","Friends, environment and boredom","Making sure I have enough protein intake, as well with fibre, vitamins and carbs. ","I knew I would eat alot my freshmen year, before coming to college i had a diet plan. ",Chinese,Pizza,Green and not greasy,Balanced,"Pizza, chicken and rice, roast beef.",2.0,Yes,940.0,500,Hockey,Yes,900,185.0,Obese,Other,Other,Depressed,Unhealthier eating,,5 or more,Junior,Unhealthy,$80k–$100k,Single,Bachelor,Bachelor,5 or more,Few times a week,Full-time,,4–5 times a week,Neutral,Likely,Unlikely,Likely,Neutral,Very Unlikely,Likely
,Male,Donut,430,,980.0,No,"cookies, donuts, candy bars",boredom,I like a lot of foods that arent home cooked or healthy for you.,none,Italian,pizza,"chicken, veggies, rice",Low Carb,pizza buffalo chicken pasta,1.0,Yes,940.0,345,Hockey,No,1315,180.0,Normal,Other,Other,Depressed,Unhealthier eating,Vegetarian,3,Freshman,,$60k–$80k,Married,Bachelor,Postgrad,1 or less,Every day,Full-time,,Rarely,Unlikely,Very Unlikely,Very Unlikely,Very Unlikely,Very Likely,Very Unlikely,Very Unlikely
4,Female,Cereal,265,3.0,420.0,Yes,"Saltfish, Candy and Kit Kat ",Stress ,I eat very healthy ,More Water ,,"Curry, Stew Chicken and Saltfish","Not too much carbs, a lot of protein, healthy fats and fruits and vegs ",Low Carb,"Curry goat, saltfish, jerk chicken ",1.0,No,580.0,345,,Yes,760,145.0,Normal,Other,Other,Boredom,Healthier eating,,5 or more,Freshman,,Less than $20k,Married,High School,No High School,5 or more,Few times a week,Part-time,,Every day,Very Unlikely,Unlikely,Very Likely,Unlikely,Neutral,Unlikely,Very Unlikely
3.6,Male,Cereal,430,3.0,980.0,No,"chips, cookies, ice cream","I usually only eat comfort food when I'm bored, if i am doing something, i can go for hours without eating ",My current diet is eggs and a meat every morning for breakfast. For lunch ill usually have some pasta or rice with a meat and sometimes a side of veggies. for dinner i usually eat less carbs and more protein and veggies. ,"I would say i just eat a little more, but not in a bad way. I have unlimited swipes at the cafe so instead of snacking on chips before lunch or dinner i will get something from the cafe.",American,"chicken fingers, steak, mac and cheese","for me usually a big piece of chicken or steak with a side of veggies, and i usually have rice with mine as well",Balanced,Grilled chicken or steak with veggies and rice. or some type of pasta and chicken ,1.0,Yes,940.0,500,hockey,No,900,170.0,Normal,Self-employed,Other,Depressed,No change,Vegan,3,Freshman,,More than $100k,Married,High School,High School,4,Every day,Full-time,,4–5 times a week,Neutral,Neutral,Neutral,Likely,Very Likely,Unlikely,Neutral
3.4,Female,Cereal,720,3.0,980.0,Yes,"Chocolate, ice crea ","Sadness, stress",I eat lots of fruit and veggies. I eat lots of chicken.,I ate at the food hall.,American,Chicken,Everything from food group ,Low Carb,"Spaghetti, Chicken, Steak",1.0,No,1165.0,690,dancing ,Yes,1315,135.0,Normal,Employed,Other,Happy,,,5 or more,Sophomore,,$80k–$100k,Married,Some College,Postgrad,5 or more,Once a week,Part-time,,1–3 times a week,Neutral,Neutral,Very Unlikely,Very Unlikely,Very Likely,Very Unlikely,Very Unlikely
2.2,Male,Cereal,430,2.0,420.0,No,"pizza, wings, Chinese","boredom, sadness, hungry",Current diet right now isn't very good. I eat at the school's cafeteria and they do not have the best choices.,None really,Italian,manacotti,"lots of fruits and vegitibles, not any fried foods",High Protein,"chicken, manicotti, rice",1.0,,940.0,345,basketball,No,900,165.0,Normal,Other,Other,Depressed,Unhealthier eating,Vegetarian,2,Freshman,Healthy,$80k–$100k,Single,Bachelor,Postgrad,2,Few times a week,Full-time,,4–5 times a week,Very Unlikely,Neutral,Unlikely,Neutral,Very Likely,Neutral,Neutral
3.3,Male,Cereal,610,3.0,980.0,No,"Fast food, pizza, subs","happiness, satisfaction","I eat 2 meals a day, lunch and dinner",Late night food,Mexican,"pizza, chicken fingers","Rice, Meat, vegetable",Balanced,"Chicken, Pasta, Veal",1.0,Yes,1165.0,850,Soccer,No,1315,175.0,Normal,Other,Employed,,No change,Vegetarian,2,Sophomore,Very Healthy,More than $100k,Single,Bachelor,Postgrad,3,Every day,Part-time,,Rarely,Neutral,Unlikely,Very Unlikely,Likely,Likely,Very Unlikely,Very Unlikely
3.87,Male,Cereal,610,3.0,315.0,Yes,"chocolate, sweets, ice cream",Mostly boredom,"Random. Not strict diet, changes during season","Less money, less food :(",,Pasta,Green and colourful,,"Meat, wine, chocolate pudding",1.0,Yes,725.0,500,Tennis,No,900,195.0,Obese,Other,Other,Depressed,No change,Vegetarian,3,Senior,,More than $100k,Married,High School,Bachelor,2,Every day,Part-time,,Every day,Unlikely,Very Likely,Very Likely,Neutral,Very Likely,Very Likely,Very Likely
3.7,Male,Cereal,610,3.0,420.0,Yes,"burgers, chips, cookies","sadness, depression ",balanced ,got worse ,Italian,pasta,"pasta. veg, water ",Low Carb,"pasta, pizza ",1.0,Yes,940.0,850,tennis soccer gym,Yes,1315,185.0,Obese,Employed,Other,Happy,No change,,4,Freshman,Unhealthy,More than $100k,Single,Bachelor,Bachelor,3,Every day,Part-time,,Every day,Very Unlikely,Likely,Very Likely,Neutral,Very Likely,Unlikely,Likely
3.7,Male,Donut,610,3.0,420.0,No,"Chilli, soup, pot pie",Stress and boredom ,2 meals a day. Rarely eat snacks. Fairly balanced diet. ,Drink coffee all the time. ,Chinese,Chicken Nuggets,"Protein, vegetables, grains ",Balanced,"Pizza, Pasta, Poutine",1.0,Yes,940.0,690,Gaelic Football,Yes,1315,185.0,Obese,Other,Other,Boredom,No change,,3,Junior,Healthy,$60k–$80k,Single,High School,Bachelor,4,Once a week,Part-time,,4–5 times a week,Very Unlikely,Unlikely,Likely,Very Likely,Very Likely,Unlikely,Likely
3.9,Female,Cereal,720,2.0,420.0,No,"Soup, pasta, brownies, cake","A long day, not feeling well, winter ",I eat a lot of chicken and try to cook my own meals as much as possible using a lot of rice and vegetables.,"I watch the amount of ""snacks"" I eat more than I did in high school.",Chinese,Spaghetti ,A healthy meal is a lean meat with mostly vegetables and a starch like brown rice or quinoa.,Low Carb,"Pasta, chicken and rice, and soup",1.0,No,940.0,500,none,No,1315,105.0,Underweight,Other,Other,,No change,,4,Junior,Very Healthy,$60k–$80k,Married,High School,Some College,4,,Full-time,,Rarely,Very Unlikely,Very Likely,Neutral,Likely,Very Likely,Neutral,Likely
2.8,Female,Donut,720,3.0,420.0,No,"chocolate, ice cream/milkshake, cookies",boredom,"vegetarian, eat breakfast some days before class, can eat a lot of junk food so I refrain from allowing myself to buy any","none, I have dormed since high school",,"Chicken parm, beef stroganof, tacos","good portions, lots of color, targets main food groups",Low Carb,"PastaTake out",1.0,Yes,1165.0,690,Ice hockey,No,760,125.0,Normal,Other,Other,Depressed,Unhealthier eating,,4,Freshman,,More than $100k,Single,Some College,Bachelor,3,Every day,Full-time,,4–5 times a week,Neutral,Neutral,Neutral,Unlikely,Neutral,Neutral,Neutral
3.7,Male,Cereal,610,2.0,420.0,Yes,"Chips, ice cream, microwaveable foods ","Boredom, lazyniss ","Most healthy diet, but since I'm an athlete have room for some bad foods to burn off quickly ",Tend to eat more fried foods ,Italian,"Chicken Parm, Pizza ","A rice, a vegetable, a piece of meat ",Other,Chicken parm ,1.0,Yes,1165.0,850,Hockey,No,1315,160.0,Normal,Other,Employed,Depressed,No change,,3,Sophomore,,$80k–$100k,Married,High School,Bachelor,3,Every day,Part-time,,4–5 times a week,Very Unlikely,Very Unlikely,Very Unlikely,Unlikely,Very Likely,Very Unlikely,Unlikely
3,Male,Cereal,610,4.0,980.0,No,"Chicken fingers, pizza ",Boredom ,Very healthy. Good balance of proteins and vegetables ,A lot healthier ,Mexican,Steak,"Salad, vegetable, carb, protein ",,"Steak, lobster, chicken ",1.0,Yes,1165.0,500,Lacrosse ,Yes,1315,175.0,Normal,Other,Other,Depressed,Healthier eating,,5 or more,Freshman,,More than $100k,Married,Postgrad,Postgrad,5 or more,Every day,Full-time,,4–5 times a week,Very Unlikely,Neutral,Neutral,Neutral,Likely,Unlikely,Neutral
3.2,Male,Cereal,610,2.0,420.0,No,"cookies, hot chocolate, beef jerky","survival, bored",Whats necessary for survival.  ,Too much beef jerky,Italian,"Deer Steak, Buttered Pasta, Garlic Pasta","Protein, vegetable and grains",,"Garlic noodles and steak, Parmesan chicken and pasta, Tacos and pasta",1.0,No,940.0,500,,Yes,1315,180.0,Normal,Employed,Other,Depressed,No change,Vegetarian,3,Junior,Healthy,$80k–$100k,Single,Bachelor,Bachelor,2,Few times a week,Part-time,,4–5 times a week,Very Unlikely,Very Unlikely,Very Unlikely,Unlikely,Very Likely,Unlikely,Very Unlikely
3.5,Male,Cereal,265,2.0,420.0,No,"Tomato soup, pizza, Fritos, Meatball sub, Dr. Pepper","Boredom, anger, drunkeness",anything and everything,Eating less vegetables because they are less available to me. ,,"Crab legs, Mushroom soup, homemade rolls","Grilled chicken, mac and cheese, broccoli, apple, milk",,"Tomato soup, Steak, crab",1.0,No,580.0,500,,Yes,760,167.0,Normal,Other,Other,Depressed,No change,Vegetarian,5 or more,Junior,,$80k–$100k,Single,Postgrad,Postgrad,4,Few times a week,Full-time,,Never,Very Unlikely,Neutral,Very Likely,Very Likely,Very Likely,Very Likely,Very Likely
4,Female,Cereal,720,3.0,420.0,No,"cookies, mac-n-cheese, brownies, french fries, ","stress, boredom, cold weather",I eat some vegetables almost everyday and fruit a couple of times a week. I eat meat a few times a week. I dont eat fast food and try to limit fried food.,I drink way more coffee and I dont eat at home as often.,Mexican,"french fries, waffles, chocolate","whole grain carbs, vegetables, a small amount of protein",Low Carb,"pasta, chicken with potatoes, pizza ",3.0,Yes,940.0,500,snowboarding,Yes,1315,115.0,Normal,Other,Employed,Boredom,No change,,3,Senior,,$80k–$100k,Married,Postgrad,High School,5 or more,Few times a week,Part-time,,1–3 times a week,Unlikely,Unlikely,Neutral,Likely,Likely,Unlikely,Neutral
4,Male,Cereal,610,3.0,420.0,No,"chips and dip, pepsi, ","stres, boredom, and nighttime","Diet consists of 3000-4000 calories a day well rounded from meats, vegetables, and fruit.",none,Italian,chicken and biscuits,"4-6 ounces chicken or fish, side of potatoes, and green beans",Balanced,"Chicken, Steak, Pasta",4.0,No,940.0,690,none organized,Yes,1315,205.0,Obese,Other,Other,Boredom,Unhealthier eating,Vegetarian,5 or more,Sophomore,Very Healthy,$60k–$80k,Single,High School,Bachelor,5 or more,Few times a week,Full-time,,4–5 times a week,Very Unlikely,Very Likely,Likely,Very Likely,Very Likely,Neutral,Likely
3.4,Male,Cereal,610,3.0,315.0,No,"Grandma's Chinese, Peruvian food from back home, and sushi",Hunger and Boredom ,"Not that balanced, but I try not to eat fatty or fried foods.",I eat more junk food now.,Mexican,"Spaghetti, Chicken, Won Tons",Plenty of greens and lean proteins,,"Pasta,Sushi,Steak",1.0,Yes,580.0,345,Soccer,Yes,760,,Obese,Other,Other,Stressed,No change,Vegetarian,4,Senior,Very Healthy,$80k–$100k,Single,Postgrad,Postgrad,5 or more,,Part-time,,1–3 times a week,,Very Likely,Very Likely,Very Likely,Very Likely,Very Likely,Very Likely
2.8,Female,Cereal,720,3.0,420.0,Yes,"Ice cream, cookies,  Chinese food, and chicken nuggets ","boredom, sadness, and if it has a good taste. ",I eat a a lot of carbs from pizza and pasta. I also eat a lot of cookies. ,I eat more junk food,Italian,"Chicken Nuggets, Mac and Cheese, and pasta",A balance of vegetables and cooked lean meat.,Low Carb,"Chicken Parmesan, pasta,  ",1.0,No,1165.0,500,,Yes,900,128.0,Normal,Other,Other,Depressed,No change,Vegetarian,3,Freshman,,$40k–$60k,Single,,Bachelor,3,Once a week,Full-time,,4–5 times a week,Very Unlikely,Very Likely,Unlikely,Likely,Very Likely,Unlikely,Very Unlikely
3.65,Female,Cereal,610,3.0,420.0,No,"french fries, chips, ice cream","boredom, stressed, sad",egan dining,poor,Italian,"hamburgers, chicken nuggets ",a lot of greens,,"pasta, lasagna, chicken ",1.0,Yes,940.0,345,softball,Yes,1315,150.0,Normal,Other,Other,Depressed,No change,Vegetarian,5 or more,Freshman,Very Unhealthy,More than $100k,Single,Bachelor,Bachelor,4,Every day,Full-time,,1–3 times a week,Neutral,Neutral,Very Unlikely,Unlikely,Very Likely,Very Unlikely,Neutral
3,Female,Cereal,610,2.0,420.0,No,"mac n cheese, peanut butter and banana sandwich, omelet",Boredom usually,"A lot of rice and veggies, eggs for breakfast, chicken is usually the only kind of meat I eat.",My diet is more limited just because of what I have time to make,American,"chicken, pasta, stir fry","Some kind of protein, a vegetable, and a grain",,"Some kind of pasta, a chicken dish, some kind of salad",2.0,Yes,940.0,690,Lacrosse,No,760,150.0,Normal,Other,Other,Depressed,No change,Vegan,5 or more,Junior,Unhealthy,$60k–$80k,Married,Bachelor,Bachelor,5 or more,Every day,Full-time,,4–5 times a week,Very Unlikely,Neutral,Very Unlikely,Unlikely,Very Likely,Unlikely,Unlikely
3.7,Female,Cereal,610,3.0,420.0,No,"pizza, doughnuts, mcdonalds ",boredom,"I eat out more often then not. I try to make sure when I eat out it isn't fast food, but instead something healthy like Panera. ",I do not snack as often at school. I find that I'm always busy so sometimes I don't have a lot of time to eat. ,Italian,"pizza, pasta, grilled cheese ","a meal with a meat, vegetable, grain, and fruit ",Other,"spaghetti or pasta, shrimp fried rice, chicken ",1.0,Yes,1165.0,500,Softball ,No,900,150.0,Normal,Other,Other,Depressed,No change,Vegetarian,5 or more,Sophomore,,More than $100k,Single,High School,Postgrad,5 or more,Every day,Part-time,,Rarely,Neutral,Neutral,Unlikely,Likely,Very Likely,Very Unlikely,Unlikely
3.4,Female,Cereal,720,4.0,420.0,No,"chocolate, chips, candy",Stress,"I do not get to eat as well as I did.  I wish I ate better, but in college it is hard because of money.",I do not eat as many home cooked meals.,Italian,Pasta,"A protein, starch, veg, and a healthier dessert. ",Low Carb,"Pasta, Pizza, Chicken ",1.0,Yes,940.0,500,Dancing,No,1315,170.0,Normal,Other,Other,Boredom,No change,Vegetarian,3,Senior,Healthy,More than $100k,Married,Some College,High School,4,Once a week,Part-time,,4–5 times a week,Very Unlikely,Very Likely,Neutral,Likely,Very Likely,Neutral,Very Likely
3.89,Female,Cereal,610,3.0,980.0,No,"chocolate, popcorn, ice cream","boredom, stress",I eat three meals per day usually. I eat a lot of sandwiches and fruit.,I have eaten bigger meals.,Italian,chicken parmesan,a lean protein plus the addition of 2-3 fruits and vegetables,Low Carb,"Chicken Parmesan, Orange Chicken, Tacos",1.0,Yes,1165.0,690,Lacrosse,No,1315,150.0,Normal,Other,Employed,Depressed,No change,,4,Senior,,$80k–$100k,Married,Bachelor,Bachelor,3,Few times a week,Full-time,,4–5 times a week,Very Unlikely,Neutral,Neutral,Likely,Very Likely,Neutral,Unlikely
3,Male,Cereal,720,,980.0,No,"CandyPopChocolate Chipotle Moe's ",No reasons ,Unhealthy foods from the cafe ,I eat more ,Mexican,Chicken and steak ,Chicken breast with veggies ,Low Carb,"Steak and potatoes, burgers and fries, bacon and eggs ",2.0,Yes,1165.0,690,Hockey,No,1315,175.0,Normal,Other,Other,,No change,Vegetarian,5 or more,Senior,Neutral,More than $100k,Married,High School,Postgrad,3,Every day,Full-time,,Never,Very Unlikely,Very Unlikely,Neutral,Neutral,Likely,Very Unlikely,Neutral
3.4,Male,Cereal,430,3.0,315.0,Yes,"Pizza, Ice cream, fries, cereal, cookies  ",Usually if I'm sad or depressed. ,"I will eat a full bleakest every morning consisting of eggs, potatoes, and a type of meat with juice. I will have a sandwich or something light for lunch. For dinner I will have meat and vegetables of some sort.  ",I eat pretty much the same as I use too. I do have more sweets now though. ,Italian,"pizza, ice cream. pop tarts ",A meal with all of the food groups. ,Low Carb,"Pizza, Japanize Hibachi, Moes   ",1.0,Yes,940.0,500,wrestling ,No,760,140.0,Normal,Business Owner,Employed,Happy,No change,Vegan,3,Freshman,,More than $100k,Single,Bachelor,Bachelor,4,Every day,Full-time,,4–5 times a week,Very Unlikely,Very Likely,Neutral,Likely,Very Likely,Neutral,Neutral
2.9,Female,Cereal,720,4.0,980.0,No,"Ice cream, chocolate, twizzlers ",Tired ,I eat food ,I do not make my own food very much,Italian,Mac cheese ,a salad with chicken and 2 tablespoons of salad dressing ,High Protein,"Chicken, Pasta, Salad",1.0,No,940.0,690,,Yes,1315,120.0,Normal,Other,Employed,,No change,Pescatarian,5 or more,Sophomore,,$40k–$60k,Single,Some College,High School,5 or more,Every day,Part-time,,Rarely,Very Unlikely,Very Likely,Neutral,Likely,Very Likely,Unlikely,Likely
3.6,Female,Cereal,610,3.0,420.0,No,"ice cream, cookie dough, cookies, cheese","Boredom!, sadness","Light breakfast, yogurt or grandola bar. No luch but (healthy) snacks throughout this time period until dinner. Full dinner with meat, vegetables and fruit.",I do not make my own food,Italian,"French Toast, Grilled Cheese, Orange Chicken","Grilled chicken, side salad, rice and broccoli and cranberries",Balanced,"Pancakes, Pasta, Grilled Cheese and Soup",1.0,No,940.0,500,,No,900,135.0,Normal,Employed,Other,Depressed,No change,Vegetarian,5 or more,Sophomore,,More than $100k,Single,Bachelor,Bachelor,4,,Part-time,,4–5 times a week,Very Unlikely,Very Likely,Likely,Neutral,Very Likely,Unlikely,Likely
3.5,Female,Cereal,430,2.0,980.0,Yes,"ice cream, cereal, and salt and vinegar chips ","All of the above; sadness, boredom and confusion ","It needs some re-structuring. Mostly, I eat well but I would like to improve on my water, fruit and veggie consumption. ","Now I prepare my own meals, pack my lunch every day and avoid eating out to save money as much as possible.",Chinese,"pickles, chinese food, pizza",It is probably more on the green side and there is less fryed or overly seasoned food. There would be more organic foods rather than processed foods. ,Low Carb,"pasta, soup, steak  ",,No,940.0,345,no particular engagement ,Yes,900,100.0,Underweight,Other,Other,Happy,Healthier eating,Vegetarian,4,Junior,,$40k–$60k,Married,High School,High School,4,,,,Every day,Neutral,Very Likely,Very Likely,Very Likely,Very Likely,Very Likely,Very Likely
3.2,Female,Cereal,610,4.0,420.0,No,"Potato chips, ice cream, chocolate, cookies","Stress, boredom, craving","I am on a very balanced diet, eating 4-5 small meals a day filled with fruits, vegetables, lean meat, and good carbs. ","I haven't changed much. If anything, I have become more disciplined. ",Chinese,"Mac and Cheese, Hot Dogs, Grilled Cheese",Mostly green!,,"Steak, asparagus and potatoes, homemade chicken alfredo, Mexican cuisine",2.0,Yes,725.0,500,Volleyball,Yes,760,170.0,Normal,Employed,Other,Boredom,Healthier eating,,5 or more,Senior,,$80k–$100k,Single,High School,Bachelor,5 or more,Every day,Part-time,,4–5 times a week,Very Unlikely,Very Likely,Very Likely,Very Likely,Very Likely,Very Likely,Very Likely
3.605,Female,Cereal,610,3.0,315.0,No,"Mac and cheese, fried chicken, cornbread ","Hunger, boredom","Healthy, includes many fruits and vegetables. Probably too many carbs. ",I eat smaller portions more often,Italian,"Hamloaf, tuna fish salad, mac and cheese ",Colorful ,,"Tacos, spaghetti, grilled cheese",1.0,No,940.0,500,none,No,900,113.0,Normal,Other,Other,Stressed,Healthier eating,,5 or more,Sophomore,Neutral,More than $100k,Married,Bachelor,Bachelor,5 or more,,Part-time,,4–5 times a week,Very Unlikely,Very Likely,Very Likely,Very Likely,Very Likely,Very Likely,Very Likely
3.8,Male,Cereal,430,2.0,420.0,Yes,"popcorn, chips, candy, & fries ","sadness, boredom, & anger ",At school I eat a lot of pizza or burgers with fries. Occasionally I try to have a salad or a fruit juice with this. I also try to eat more of a home cooked meal with vegetables.,Eating more pizza and burgers or fast food.  ,Italian,"chicken soup,  perogies, & roast beef  ",A meal that you have cooked yourself without a lot of grease or fat in it.  ,Other,"Spaghetti, steak, burgers ",1.0,Yes,725.0,345,soccer ,No,900,168.0,Normal,Other,Other,Happy,No change,Vegetarian,4,Freshman,Healthy,$60k–$80k,Single,Bachelor,Some College,4,Few times a week,Part-time,,4–5 times a week,Very Unlikely,Likely,Neutral,Likely,Very Likely,Neutral,Neutral
2.8,Male,Cereal,430,,980.0,No,"Chex-mix, Wegmans cookies, Cheez-Its ","Boredom, happiness, distraught ",lots of pasta and carbs along with lean meats. Also at time some soda and junk food,Cereal became an anytime of day food,Italian,"lasagna, meatloaf, pizza","good balance between meats, grains, fruits, vegetables, carbs, and dairy products ",,"lasagna,  hamburgers w/ corn, steak  ",1.0,Yes,940.0,345,wrestling & rowing,No,900,145.0,Normal,Business Owner,Other,Depressed,No change,Vegetarian,5 or more,Freshman,,More than $100k,Single,Postgrad,Postgrad,5 or more,Every day,,,4–5 times a week,Neutral,Neutral,Unlikely,Neutral,Likely,Likely,Very Unlikely
3.5,Male,Donut,430,,315.0,Yes,"pizza, ice cream, chips","stressed, upset, or just craving a cheat meal","My current diet consists of cafeteria food, which isn't necessarily ideal. I try to eat as healthy as possible but I find myself turning to unhealthy food more often than healthy.",Transitioning from home-cooked meals to cafeteria food,Chinese,"Tacos, Spaghetti, and Roast",one that is well balanced and consists on main food groups,,"Steak, Chicken, Tacos",1.0,Yes,940.0,345,Wrestling,Yes,760,155.0,Normal,Other,Other,Boredom,No change,Vegetarian,5 or more,Sophomore,Unhealthy,$80k–$100k,Single,Bachelor,Bachelor,5 or more,Every day,Full-time,,4–5 times a week,Very Unlikely,Likely,Likely,Likely,Very Likely,Likely,Likely
3.83,Male,Cereal,430,3.0,315.0,No,"fried chicken. mashed potatoes, mac and cheese",They taste better than other food. They are a pickme up. They are easy to make,I eat alot carbs. Protein (meat) is beautiful.,I definitely eat less veggies. ,Italian,"mac and cheease, mashed potatoes, salmon",lots of green and color.,Low Carb,"pizza, pasta, burgers",1.0,No,1165.0,690,none,No,900,150.0,Normal,Other,Other,,No change,Vegetarian,3,Junior,,$40k–$60k,Married,Bachelor,High School,3,Few times a week,,,4–5 times a week,Very Unlikely,Likely,Likely,Neutral,Very Likely,,Likely
3.6,Male,Cereal,720,3.0,420.0,No,"Popcorn, Chex Mix, Pizza","Stress, boredom",Healthier than most but not 100% clean.,I have started eating a lot healthier.,American,Pizza,"Balance of veggies, white meat, fruits, and grains.",Vegan,"Pizza, salad",3.0,No,1165.0,500,,No,760,169.0,Normal,Other,Other,Boredom,Healthier eating,,4,Junior,,Less than $20k,Single,High School,Some College,5 or more,Every day,Full-time,,4–5 times a week,Unlikely,Very Unlikely,Very Unlikely,Unlikely,Neutral,Very Unlikely,Very Unlikely
3.3,Male,Cereal,610,4.0,980.0,Yes,Burger,Lazy,Great ,Mediocre ,,Steak ,Chicken ,Other,"Steak, Chicken, Pasta ",1.0,Yes,1165.0,500,Hockey,Yes,1315,185.0,Obese,Other,Other,,No change,Pescatarian,5 or more,Sophomore,,More than $100k,Single,High School,High School,4,Every day,Full-time,,1–3 times a week,Very Unlikely,Very Likely,Very Likely,Very Likely,Very Likely,Very Likely,Very Likely
3.3,Male,Cereal,610,4.0,420.0,No,"Pizza, chocolate, and ice cream ","Boredom, sadness and anger ",My diet is mostly chicken rice and veggies. I mix in fruit between workouts and snacks like power bars and what not. ,I eat very bad on the weekends. ,Mexican,"Grilled chicken, pasta, and turkey ",Low carbs and high protein ,High Protein,Chicken Parm,1.0,Yes,1165.0,500,Lacrosse ,No,900,200.0,Obese,Other,Other,Depressed,No change,Vegan,5 or more,Sophomore,Very Unhealthy,$80k–$100k,Single,High School,Some College,5 or more,Every day,,,Never,Very Unlikely,Very Likely,Neutral,Likely,Very Likely,Neutral,Neutral
3.292,Male,Cereal,610,,980.0,No,"fries, chips, fried chicken, pizza, grapes","Boredom, sadness",65 and out,,American,"Chicken, Pizza, Cherry tomatoes","Grilled, natural ingredients, and no carbonated beverages",High Protein,"Pizza, Steak, Spaghetti",3.0,No,940.0,500,,Yes,1315,265.0,Obese,Other,Other,Depressed,Unhealthier eating,Pescatarian,4,Senior,Very Healthy,$40k–$60k,Single,Postgrad,High School,4,,,,1–3 times a week,Neutral,Likely,Unlikely,Neutral,Very Likely,Neutral,Very Unlikely
3.5,Male,Cereal,610,3.0,420.0,No,"peanut butter sandwich, pretzals, garlic bread","stress, anger and boredom",Very healthy and clean. A lot of protein and vegetables,I eat a lot more healthier,Italian,Chicken Alfredo,High protein and vegetables,,"Chicken, Steak, Pasta",1.0,Yes,940.0,690,hockey,Yes,900,165.0,Normal,Employed,Employed,Boredom,Healthier eating,,5 or more,Sophomore,,More than $100k,Single,Postgrad,Bachelor,5 or more,Every day,Full-time,,1–3 times a week,Very Unlikely,Very Likely,Likely,Very Likely,Very Likely,Unlikely,Likely
3.35,Female,Donut,610,2.0,315.0,No,"chips, dip, fries, pizza","bored, stress",What ever the dinning hall is serving. When i am hungry i look for something filling more then healthy. ,when i eat has changed alot. I have to eat at a certain time everyday or the dining hall wont have food.,Italian,steak and cheesy potatoes,"the different colors of the rain bow. protein, fruit, veggies",Other,"mac n cheese, steak, potatos",1.0,Yes,940.0,500,softball,No,900,192.0,Obese,Other,Other,Depressed,,Vegetarian,4,Freshman,,$40k–$60k,Single,Some College,No High School,4,Every day,Full-time,,Never,Very Unlikely,Neutral,Unlikely,Neutral,Very Likely,Unlikely,Neutral
3.8,Male,Cereal,720,4.0,315.0,No,"Pizza, Ice Cream, Chicken Wings",I usually only eat comfort foods when I am bored. I will also eat them when I am happy to celebrate and then when I am sad to comfort me.,I usually eat very healthy. I incorporate fresh fruits and vegetables into every meal.,I have begun to eat more fruits and vegetables because I have been more aware of my physique.,Chinese,Meatloaf,Low protein and carbs and high in vegetables and fruits.,Low Carb,"Chicken, Beef, Steak",2.0,Yes,1165.0,500,Hockey,Yes,1315,175.0,Normal,Other,Other,Depressed,Healthier eating,,5 or more,Senior,Very Unhealthy,More than $100k,Single,Bachelor,Bachelor,5 or more,Every day,Full-time,,Rarely,Very Unlikely,Likely,Very Likely,Very Likely,Very Likely,Likely,Very Likely
2.8,Female,Cereal,610,4.0,980.0,No,Pizza chocolate chips bagels ice Capps ,Just cause ,I eat very heathy on a daily basis ,Really paid more attention to what I eat cause it is easy to gain ,American,Pizza pasta and quesadillas ,Chicken and broccoli ,Low Carb,"chicken, pizza, stuffed shells",1.0,Yes,725.0,345,softball,Yes,1315,140.0,Normal,Business Owner,Other,,Healthier eating,,4,Sophomore,,$80k–$100k,Single,Bachelor,High School,4,Every day,Part-time,,1–3 times a week,Neutral,Very Likely,Unlikely,Unlikely,Very Likely,Very Unlikely,Unlikely
3.5,Female,Cereal,610,3.0,420.0,No,"Chocolate, ice cream, pasta","Stress, boredom, sadness","For breakfast I have oatmeal. For lunch I have a sandwich and fruit. For dinner I usually have a piece of meat, rice or pasta, and a vegetable. ",More easy meals like pasta.,Mexican,Steak,"Fruit, vegetables, and protien",,"steak, noodles, edemame",2.0,Yes,1165.0,690,Skiing,Yes,1315,155.0,Normal,Other,Other,Boredom,No change,Vegan,5 or more,Junior,Healthy,$80k–$100k,Single,Postgrad,Bachelor,5 or more,Few times a week,Part-time,,4–5 times a week,Very Unlikely,Very Likely,Very Likely,Very Likely,Very Likely,Likely,Very Likely
3.7,Female,Cereal,610,,420.0,No,Mac n Cheese. Chips and salsa. Ice cream. ,Boredom. Celebration. ,Simple breakfast of cereal or yogurt. Lunch is something like a deli meat sandwich. Dinner is a full meal. Veggies meat and starch. ,More snacking ,Italian,Mac and cheese ,Proper serving sizes of almost anything ,Balanced,Steak and veggies. Chicken and rice. Stirfry. ,2.0,Yes,1165.0,500,skiing ,No,1315,155.0,Normal,Other,Other,Depressed,No change,Vegan,5 or more,Senior,,More than $100k,Single,Bachelor,Bachelor,4,,Full-time,,4–5 times a week,Neutral,Very Likely,Very Likely,Very Likely,Very Likely,Likely,Very Likely
3.6,Female,Cereal,610,4.0,420.0,No,"peanut butter, dessets, pretzels. ","Sadness, boredom, lonely.","My diet consists of fruits, vegetables, grains, dairy, and proteins.",At first I ate less but now that I'm in season playing a sport I eat more.,Mexican,lasagna,Half the plate fruit and vegetables. Other half grains and protein. Then a little dairy. ,,"Lasagna, steak, chili ",1.0,Yes,1165.0,690,Water polo and running ,Yes,1315,135.0,Normal,Other,Other,Happy,Unhealthier eating,,5 or more,Freshman,Neutral,More than $100k,Single,Bachelor,Bachelor,5 or more,Every day,Full-time,,Never,Very Unlikely,Likely,Very Unlikely,Very Likely,Very Likely,Very Unlikely,Very Unlikely
Personal ,Female,Cereal,610,2.0,980.0,No,"Macaroons, truffles, peanut butter n chocolate ice cream","I do not really eat ""comfort food"" but I guess sadness, special occasions, and anxiety ","My diet is pretty healthy and consists of chicken, turcky, and veggies. I rarely eat unhealthy food or fast food.","I have gotten healthier with my eating habits. As a result my parents starting eating healthier too, even though I do not live with them.",Mexican,Chocolate,"chicken, veggies, fruit, water ",Low Carb,"I would say ""lets go out""",3.0,No,725.0,500,,Yes,1315,118.0,Normal,Other,Other,Happy,Healthier eating,,3,Senior,Unhealthy,$60k–$80k,Married,Bachelor,High School,3,Few times a week,Part-time,,4–5 times a week,Unlikely,Neutral,Unlikely,Likely,Likely,Neutral,Unlikely
3.9,Male,Cereal,610,4.0,980.0,No,"ice cream, cookies, ice cream","boredom, sadness",I try to eat as healthy as possible. 3 meals a day that are well-balanced.,As an athlete it is important to fuel my body with important foods only.,Italian,"Pizza, Pasta, Chicken","high protein, low fat, low carbs and sugar",,"pasta, chicken, vegetables",1.0,Yes,1165.0,850,Ice Hockey,Yes,1315,210.0,Obese,Other,Other,Depressed,Healthier eating,,4,Senior,Unhealthy,More than $100k,Single,High School,High School,4,Every day,Part-time,,Never,Very Unlikely,Neutral,Unlikely,Unlikely,Very Likely,Unlikely,Unlikely
2.6,Female,Cereal,610,4.0,980.0,No,"carrots and ranch, pretzels, dark chocolate ",sadness,"High in protein, fruits, and veggies. Low in fats.",,Italian,"chicken tenders, pasta, mac&cheese ","high protein, fruit, veggies, low carbs and fat",,"chicken and pasta, homemade pizza, lasagna ",1.0,Yes,1165.0,690,rowing ,No,1315,180.0,Normal,Other,Other,Happy,Unhealthier eating,,5 or more,Junior,,$80k–$100k,Married,Bachelor,Bachelor,5 or more,Every day,Full-time,,Rarely,Very Unlikely,Likely,Likely,Very Likely,Likely,Likely,Likely
3.5,Female,Cereal,610,3.0,420.0,Yes,"cookies, nutella, ice cream, coffee, fruit ","Bordem, happiness, sadness","I eat fruit and vetagables with every meal. I only drink water, no soda. I tend to stay away from greasy food. ","I ate more junk food, but also more fruit. ",Chinese,"chicken stir fry, spaghetti, chicken parmesan ",Meal prep'd foods with food from each section on the food pyramid. ,Other,1. pasta 2. spaghetti 3. chicken and rice ,1.0,Yes,940.0,500,Volleyball,Yes,760,140.0,Normal,Other,Other,Depressed,No change,,5 or more,Sophomore,Neutral,$20k–$40k,Married,High School,High School,5 or more,Every day,Part-time,,1–3 times a week,Neutral,Likely,Neutral,Likely,Very Likely,Neutral,Neutral
3.2,Female,Cereal,610,,315.0,No,mac and cheese,boredom,"I don't follow a diet, I eat whatever I want","I snack more, having fewer full meals",Italian,"Mac and Cheese, Chicken nuggets",vegtables,,"Lasagna, Steak, Pasta ",1.0,No,725.0,500,,No,900,112.0,Normal,Other,Other,Depressed,No change,Vegetarian,3,Sophomore,Neutral,More than $100k,Married,,Postgrad,3,Few times a week,Full-time,,1–3 times a week,Neutral,Neutral,Very Unlikely,Neutral,Very Likely,Very Unlikely,Likely
3,Female,Cereal,720,3.0,420.0,Yes,"Chocolate, Popcorn, Icecream",sadness,"My current diet usually includes at least one serving of vegetables per day, and I usually am eating fruits and whole grain things. ","I eat more fried food, such as french fries.",American,Mac and cheese ,"Milk for a drink, meat, a grain, vegetable, fruit for dinner",Other,"mac and cheese, pizza, chicken ",1.0,Yes,940.0,500,tennis  ,Yes,900,125.0,Normal,Other,Business Owner,Happy,No change,,5 or more,Freshman,Neutral,$60k–$80k,Married,Bachelor,High School,5 or more,,Full-time,,4–5 times a week,Very Unlikely,Likely,Neutral,Neutral,Very Likely,Neutral,Neutral
3.6,Female,Cereal,610,2.0,420.0,Yes,"Ice cream, cake, mozzarella sticks, pierogies ",Boredom,I typically try to eat healthy but being away at school makes it harder. I try to avoid junk food as well and trying to only eat it on the weekends.,I eat a lot less than I did at home but find myself snacking more than actual meals. ,Italian,"Mac&Cheese, Chicken Nuggets ","It has protein, vegetables and some carbs ",,"Lasagna, Pizza, Pasta ",1.0,Yes,940.0,690,"Recreational Basketball, Equestrian Team",No,1315,144.0,Normal,Other,Other,Depressed,No change,Vegetarian,5 or more,Sophomore,Unhealthy,$80k–$100k,Married,Some College,High School,5 or more,Few times a week,Part-time,,1–3 times a week,Very Unlikely,Unlikely,Unlikely,Very Likely,Likely,Very Unlikely,Unlikely
3.2,Female,Cereal,430,3.0,315.0,Yes,"Chips, Mac and cheese, pizza, French fries ","Stress, sadness, bored ",My current diet is balanced and includes food from all the food groups. ,I don't eat as healthy because there aren't as many healthy options at the dinning hall. ,Italian,"Pasta, pizza, meatballs ","Balanced between protein, veggies, and carbs",High Protein,"pasta, chicken parm, tacos ",1.0,Yes,725.0,500,soccer,No,760,145.0,Normal,Other,Employed,Boredom,No change,,5 or more,Freshman,,More than $100k,Married,Postgrad,Postgrad,5 or more,Every day,Full-time,,Every day,Very Unlikely,Neutral,Unlikely,Likely,Very Likely,Unlikely,Likely
3.67,Female,Donut,720,4.0,420.0,No,"Pizza, burritos, slim jims","Boredom, stress, and it tastes good",I am not vegetarian. I love red meat like steak and salami. I try to limit the amount of carbs I eat,Freshman year I did not watch my diet at all and really let myself go. I ate pizza and fries for almost every meal. Summer following freshman year I knew I needed to stop doing that so I cut out as many refined carbs as I could and try to eat healthier portions.,Italian,"Steak, Garlic and butter noodles, schnitzle","Well portioned meat, veggies, and fruits. Water instead of a sugary drink like pop. ",Vegan,"Steak, pasta, burgers",2.0,No,1165.0,690,,Yes,1315,130.0,Normal,Other,Other,Depressed,No change,Vegetarian,3,Junior,Neutral,More than $100k,Married,Bachelor,Bachelor,5 or more,Few times a week,Full-time,,4–5 times a week,Very Unlikely,Very Unlikely,Very Unlikely,Unlikely,Very Likely,Very Unlikely,Very Likely
3.73,Female,Cereal,610,3.0,980.0,No,"Broccoli, spaghetti squash, quinoa, and grilled chicken","Bad day, bored, sadness",Healthy and light,I don't eat as often,Italian,Pizza and Spaghetti,"A vegetable, a protein, and a fruit",Balanced,"Pizza, Italian, anything chicken related",1.0,Yes,1165.0,500,Rec Volleyball,Yes,1315,140.0,Normal,Other,Other,Depressed,No change,,5 or more,Junior,Neutral,$40k–$60k,Married,High School,Bachelor,5 or more,Few times a week,Part-time,,Every day,Very Unlikely,Very Likely,Very Likely,Very Likely,Very Likely,Very Likely,Very Likely
4,Female,Cereal,720,,420.0,No,"Chocolate, ice cream, cookie dough","Boredom, being in your period, and long bus rides for softball","My meals consist of a vegetable, a meat and usually a carbohydrate. I eat a lot of fruit and snack in between meals on little things.",I tend to snack more and have smaller meals.,Italian,Spaghetti ,"A balanced meal with a protein, carbohydrate and a vegetable.",High Protein,"Spaghetti, steak, or chicken",1.0,Yes,1165.0,690,Softball,Yes,1315,140.0,Normal,Other,Other,Depressed,No change,,5 or more,Junior,Very Healthy,$80k–$100k,Married,Bachelor,High School,5 or more,Every day,Part-time,,Every day,Very Unlikely,Neutral,Likely,Very Likely,Very Likely,Neutral,Likely
3.1,Male,Donut,610,3.0,980.0,No,"pizza, pretzels, fruit snacks, deli sandwhich","boredom, anger, happy",I eat somewhat healthy. The food at egan is not the best.,I eat a lot less and more junk food.,,Pizza Mac n Cheese Pasta,salad,,"Pasta, Steak, Chicken",1.0,No,1165.0,345,,Yes,1315,140.0,Normal,Employed,Other,Depressed,No change,Vegetarian,5 or more,Freshman,Neutral,$80k–$100k,Single,Bachelor,,5 or more,Few times a week,Part-time,,Every day,Unlikely,Unlikely,Neutral,Likely,Very Likely,Unlikely,Neutral
3.79 bitch,Male,Cereal,720,4.0,420.0,No,"Chips, ice cream","Boredom, stress",I have a diet of meats and other high protein foods. ,I stopped drinking soda and only drink water now,Mexican,Pizza,"Protein source, vegetables, fruits, whole grains",High Protein,"chipotle, chick fil a, chicken and rice",3.0,Yes,1165.0,850,baseball,Yes,1315,200.0,Obese,Other,Other,Depressed,Healthier eating,Vegetarian,3,Sophomore,Very Unhealthy,More than $100k,Married,High School,Bachelor,4,Every day,Full-time,,Rarely,Very Unlikely,Neutral,Very Unlikely,Neutral,Very Likely,Very Unlikely,Unlikely
2.71,Male,Donut,265,2.0,420.0,Yes,,,,,,,,,"rice and Chicken, sea food",2.0,No,580.0,345,,No,760,,Obese,Other,Other,,Unhealthier eating,Pescatarian,4,Junior,,$40k–$60k,Widowed,No High School,No High School,4,Few times a week,Full-time,,Every day,Unlikely,Neutral,Neutral,Neutral,Neutral,Neutral,Neutral
3,Female,Cereal,610,3.0,420.0,No,"mac and cheese, potato soup, ice cream, chips and cheese","sadness, stressed, boredom",I normally eat a salad every day. I try to get at least every food group into my diet,I do not eat as many fruits and vegetables as I normally would as being home even though i do eat them still,Italian,"salad, chicken, pizza","grilled meat, fruit, vegetable, and some grains",Low Carb,"Chicken, Spaghetti, Hamburgers",1.0,No,940.0,500,I danced in high school,Yes,900,120.0,Normal,Other,Other,Happy,No change,,5 or more,Freshman,,$80k–$100k,Married,Bachelor,Bachelor,4,Every day,Part-time,,4–5 times a week,Very Unlikely,Neutral,Likely,Very Likely,Very Likely,Neutral,Likely
3.7,Female,Donut,610,3.0,420.0,Yes,"chocolate, pizza, and mashed potatoes",boredom and stress,Current diet is rather poor.  I eat a lot of chicken and carbs.  I also tend to eat a lot of desserts.,"I eat less healthy breakfast now, usually just grab something quick like a granola bar.",American,"pizza, mashed potatoes, chocolate chip cookies",a plate that has a variety of colors not just one color,High Protein,"chicken, steak, pizza",2.0,Yes,1165.0,690,horse back riding,No,1315,150.0,Normal,Other,Other,Depressed,No change,Vegetarian,4,Senior,Healthy,$40k–$60k,Single,Postgrad,High School,2,Few times a week,Part-time,,4–5 times a week,Neutral,Unlikely,Very Unlikely,Unlikely,Very Likely,Very Unlikely,Very Unlikely
3.1,Male,Donut,265,2.0,420.0,Yes,Pizza cookies steak ,Boredom comfort hunger ,Meat carbs and candy ,Expansion of eating variety ,American,Pizza and wings ,Meat and potatoes ,,"Steak, Pizza, Haddock ",1.0,Yes,725.0,345,Basketball ,No,900,200.0,Obese,Other,Other,Depressed,Healthier eating,Vegetarian,3,Senior,Healthy,$40k–$60k,Married,Postgrad,High School,2,Few times a week,Part-time,,4–5 times a week,Unlikely,Very Unlikely,Very Unlikely,Very Unlikely,Likely,Very Unlikely,Unlikely
3,Female,Cereal,720,3.0,420.0,No,"chocolate, fruit, and ice cream","stress, boredom","At school its hard but usually a granola bar and fruit for breakfast, a wrap for dinner or lunch, and then veggies and hummus.",not going to Egan every meal maybe once a day,Chinese,"tacos, pizza, chicken wing dip","good portions of fruit, protein, veggies and carbs",High Protein,"mexican chicken, hibachi chicken and rice, steak",1.0,Yes,580.0,345,competitive skiing,Yes,1315,135.0,Normal,Self-employed,Self-employed,Boredom,No change,Vegan,5 or more,Sophomore,,$80k–$100k,Married,High School,High School,4,Every day,Part-time,,4–5 times a week,Very Unlikely,Likely,Neutral,Neutral,Likely,Unlikely,Neutral
3.9,Male,Cereal,720,3.0,420.0,No,Chips sweets popcorn,Boredom,No diet. I eat what makes me feel good,More coffee less water ,Chinese,Sloppy joes,All food groups,,"Chicken and vegetables, Roast Beef, pasta",1.0,Yes,1165.0,850,"Rowing, Running, and Cycling",No,1315,145.0,Normal,Other,Other,Depressed,No change,Vegetarian,5 or more,Freshman,Very Unhealthy,More than $100k,Single,High School,Some College,4,Every day,Full-time,,Every day,Very Unlikely,Very Likely,Likely,Very Likely,Very Likely,Likely,Very Likely
3.4,Female,Cereal,430,2.0,420.0,No,"Cookies, burgers, chicken noodle soup, ice cream","happiness, hunger, sadness",If there is berries I will eat them.  Eat any kind of pasta.  Hate cooked vegetables,Less fruits and veggies,Italian,"Spaghetti and Meatballs, Steak, and Burgers","All of the food groups(carbs, veggies, fruits,etc)",Low Carb,"Salad, pasta, and ice cream",1.0,No,1165.0,500,,Yes,900,130.0,Normal,Employed,Other,,No change,Vegetarian,3,Freshman,Healthy,$60k–$80k,Single,Bachelor,High School,2,Few times a week,Part-time,,1–3 times a week,Neutral,Neutral,Neutral,Likely,Very Likely,Neutral,Likely
3.5,Female,Donut,610,3.0,420.0,Yes,"cake, French fries, chicken nuggets","boredom, sadness","I eat fruits, dairy and carbs ",convenience food ,Italian,"chicken fingers, pasta, pizza",all elements of food pyramid,High Protein,"steak, mashed potatoes, vegetables ",1.0,Yes,725.0,500,softball and basketball,No,900,190.0,Obese,Other,Other,Depressed,No change,Vegetarian,4,Senior,Unhealthy,$60k–$80k,Married,Bachelor,Bachelor,2,Every day,Full-time,,1–3 times a week,Very Unlikely,Likely,Likely,Likely,Very Likely,Likely,Likely
3.7,Female,Cereal,265,,315.0,No,"pizza, ice cream, cookies",boredom,I eat two-tree meals per day. Always eat a breakfast. ,Food is not as healthy. ,Italian,spaghetti and tacos,lots of colors,Low Carb,"pizza, tacos, pasta",1.0,Yes,580.0,345,wrestling,No,575,170.0,Normal,Other,Other,Depressed,No change,Pescatarian,3,Junior,,$40k–$60k,Single,Bachelor,Bachelor,3,Every day,Full-time,,Never,Very Unlikely,Neutral,Neutral,Likely,Very Likely,Neutral,Neutral
3.7,Female,Cereal,430,3.0,420.0,No,"Mashed potatoes, pasta","Boredom, sadness, or with friends ",I eat healthy as well as unhealthy. I try to keep a balanced diet but often eat junk food with friends.,Eating at Egan or the laker has definitely made me gain weight because every time I go home and eat I lose weight. ,Mexican,Spaghetti or  chicken panini sandwich ,Has fruits vegetables and or some type of meat ,Other,"Spaghetti con Chorizo, Carne Asada, Salmon",1.0,Yes,940.0,690,Marching Band,No,1315,127.0,Normal,Other,Other,Depressed,No change,Vegetarian,4,Freshman,Healthy,Less than $20k,,No High School,High School,4,,,,4–5 times a week,Very Unlikely,Very Likely,Very Likely,Very Likely,Very Likely,Very Likely,Very Likely
3.83,Female,Cereal,720,3.0,420.0,No,"Pasta dishes, Cheesecake, Pancakes","Sadness, Loneliness, Boredom",I eat a paleo based diet high in protein and low in fat. I stay away from processed foods as much as I can.,"Huge changes have occurred. I eat far healthier, less processed  food, less dense carbohydrates and way more vegetables and fruits.",Mexican,Spaghetti and Pop-tarts,Mostly vegetables and plenty of lean protein and healthy fats to keep you full,Other,"Stuffed chicken breasts, spagetti carbonara, breakfast for dinner ",1.0,Yes,725.0,690,Collegiate Water Polo,Yes,760,167.0,Normal,Employed,Other,Happy,Healthier eating,,5 or more,Sophomore,,$80k–$100k,Married,Some College,Bachelor,5 or more,Every day,Full-time,,4–5 times a week,Neutral,Very Likely,Very Likely,Very Likely,Very Likely,Likely,Very Likely
2.6,Female,Cereal,265,3.0,315.0,No,"Ice cream, pizza, cookies",Mostly Stress,I try to eat something light for breakfast like cereal or an apple. For lunch I eat sandwiches or pasta also something somewhat light and I eat however much I'm hungry for at dinner. Sometimes I try to be healthy with a salad or something and then I get dessert ,I eat way too often and way too much x,Chinese,"Pasta, breakfast for dinner, pizza","Lots of Greens, meat and water",Other,"Pasta, breakfast for dinner, pizza",1.0,No,580.0,500,None right now,Yes,760,140.0,Normal,Other,Other,Boredom,No change,Vegan,5 or more,Freshman,,More than $100k,Married,Some College,Postgrad,4,Once a week,Part-time,,1–3 times a week,Neutral,Likely,Unlikely,Neutral,Very Likely,Neutral,Neutral
3,Female,Cereal,610,3.0,420.0,No,"Chinese food, moes, sponge candy, homemade lasagne ","boredom, sadness ",Eat fruits and vegetables daily and with almost every meal. Diet mostly consists of meat as well. ,Less snacking ,Chinese,"peanut butter and jelly, celery and peanut butter, hot pockets ",Small portion of meat with majority fruits or vegetables ,Other,"Pizza, Chicken and rice and pasta",1.0,Yes,580.0,500,"volleyball, lacrosse",Yes,900,190.0,Obese,Other,Business Owner,Depressed,Healthier eating,,5 or more,Freshman,Neutral,More than $100k,Single,Bachelor,High School,4,Few times a week,Full-time,,Every day,Neutral,Likely,Likely,Likely,Very Likely,Neutral,Likely
3.2,Male,Cereal,720,3.0,420.0,Yes,"pizza, pasta, mac and cheese",when i am sad or craving,I try to eat healthy but sometimes drink soda pop and I enjoy desserts. harder to eat healthy when I am at school. ,"less healthy because of less options, money and time.",American,pizza,lots of variety and veggies,Low Carb,"Pasta, pizza, and chicken",1.0,Yes,1165.0,690,field hockey,Yes,1315,155.0,Normal,Employed,Other,Happy,No change,Vegetarian,4,Sophomore,Very Healthy,More than $100k,Single,Postgrad,Bachelor,4,Every day,Part-time,,4–5 times a week,Unlikely,Very Unlikely,Very Unlikely,Neutral,Very Likely,Very Unlikely,Very Unlikely
3.5,Male,Donut,720,4.0,980.0,No,"Little Debbie snacks, donuts, pizza",,High protein and high carbs with fruits and vegetables as needed,Willingly eating vegetables ,Mexican,"Quesadilla, chocolate, steak","High protein, high carbs , vegetables ",,"burritos, pasta, chicken",1.0,No,1165.0,850,,Yes,1315,175.0,Normal,Other,Other,,Healthier eating,Vegetarian,4,Junior,,$20k–$40k,Single,,High School,4,Every day,Part-time,,Every day,Very Unlikely,Very Likely,Very Likely,Very Likely,Very Likely,Very Likely,Very Likely
3.2,Female,Cereal,610,3.0,420.0,No,"carrots, plantain chips, almonds, popcorn ","stress, boredom, college as whole ","i currently eat a lot of salad, but do not eat 3 times a day nor eat breakfast ",I have been eating healthier especially vegetables and proteinous food ,Chinese,"Jollof Rice, Bread, pasta ","Healthy meal for me is a food rich in protein, fiber, some sort of carbohydrates",Low Carb,"Rice with vegetables, chicken with pasta, salad",1.0,No,1165.0,500,none ,Yes,900,129.0,Normal,Other,Employed,Boredom,Healthier eating,Vegetarian,5 or more,Junior,,$40k–$60k,Single,High School,Bachelor,5 or more,Every day,Part-time,,4–5 times a week,Very Unlikely,Likely,Very Likely,Very Likely,Very Likely,Likely,Very Likely
3.68,Male,Cereal,720,4.0,420.0,No,"chips, ice cream, fruit snacks",boredom,I used to eat whatever but since i've come to college i try to eat fruits and vegetables everyday. I also avoid fried foods.,i eat healthier all around,Italian,"Chinese food, pizza, chicken adobo","half a plate of protein, quarter of a plate of carbs and the other quarter fruits or veggies.",Vegan,"any Chinese food, pasta, burgers",1.0,Yes,1165.0,850,Fotball,Yes,1315,260.0,Obese,Other,Other,Depressed,Healthier eating,,5 or more,Freshman,,More than $100k,Single,Some College,High School,4,Every day,Full-time,,4–5 times a week,Very Unlikely,Likely,Neutral,Neutral,Very Likely,Neutral,Neutral
3.8,Female,Donut,610,2.0,420.0,No,"Macaroni and cheese, chicken noodle soup, pizza",Boredom and stress,I eat very basic foods like pizza and pasta. I don't try many new things. ,"Home cooked meals and a lot more difficult to have at college. It's typically quick, on the go foods. ",American,"Pasta, chicken, pizza ",Very colorful and smaller portions of the unhealthy food with larger portions of vegetables ,Low Carb,"Pasta, chicken, pizza ",2.0,No,725.0,500,crew,No,900,135.0,Normal,Employed,Employed,Depressed,No change,Vegetarian,2,Junior,Very Healthy,More than $100k,Married,Postgrad,Postgrad,1 or less,Few times a week,Part-time,,1–3 times a week,Neutral,Very Unlikely,Very Unlikely,Unlikely,Likely,Very Unlikely,Very Unlikely
3.3,Male,Donut,720,,420.0,No,"Chocolate, Chips, Ice cream, French Fires, Pizza","Stress, sadness, boredom",My diet consists of high levels of meats with some vegetables. Coexisting with varying levels of sugars ,I have increased the amounts of vegetables I eat due to the unhealthy options in our dining halls,American,"Steak, Chicken Tenders, Pizza",Chicken Salad with Pita Chips,High Protein,"Chicken, Pork Chops, Steak",1.0,Yes,1165.0,690,"Football, Basketball, Volleyball, Golf",No,900,190.0,Obese,Other,Other,Boredom,Healthier eating,Vegetarian,1 or less,Junior,,$40k–$60k,Married,Some College,High School,4,Once a week,Part-time,,Never,Very Unlikely,Very Unlikely,Very Unlikely,Very Unlikely,Very Likely,Very Unlikely,Very Unlikely
3.2,Male,Cereal,720,,420.0,No,"Mac and cheese, lasagna, Chinese food ","Boredom, sadness",Very poor. Heavy carb consumption. ,I eat alot of carbs and eat much more frequently,Italian,"Spaghetti, Italian potato soup","Fruits, vegetables, meat ",Low Carb,"Salmon, hamburger surprise, Italian potato soup",1.0,No,1165.0,690,,No,1315,165.0,Normal,Other,Other,Depressed,No change,Vegetarian,4,Freshman,,$60k–$80k,Single,Bachelor,Postgrad,5 or more,Once a week,Full-time,,4–5 times a week,Very Unlikely,Likely,Very Likely,Very Likely,Very Likely,Very Likely,Very Likely
3.75,Male,Cereal,610,3.0,420.0,No,"candy, Chinese, mcdonalds",laziness and hungover,Complete diet. protein vegetables and carbs,I eat whatever is offered at egan or at the laker,Italian,"steak, spaghetti, salmon",steak or salmon with broccoli or asparagus and brown rice or quinoa,,"salmon, steak, spaghetti squash",1.0,Yes,940.0,690,"hockey, soccer, golf",Yes,1315,175.0,Normal,Other,Employed,,No change,,5 or more,Senior,,More than $100k,Married,Bachelor,Bachelor,5 or more,Every day,,,4–5 times a week,Very Unlikely,Very Likely,Very Likely,Very Likely,Very Likely,Very Likely,Very Likely
3.5,Male,Cereal,265,,420.0,No,"Doritos, mac and cheese, ice cream","Boredom, hunger, snacking.","I eat usually 2 times a day, either breakfast and dinner or lunch and dinner.  I feel that is enough for me.",Food is readily available so I don't have to cook so it's easier to eat a lot.,American,Macaroni and Cheese,a balance of Meat and vegetables,,"Pasta, fish, steak",1.0,Yes,1165.0,690,Wrestling,No,1315,184.0,Obese,Other,Other,Depressed,No change,Vegetarian,4,Junior,,$80k–$100k,Married,Bachelor,Bachelor,4,Every day,Full-time,,4–5 times a week,Neutral,Likely,Neutral,Likely,Very Likely,Neutral,Likely
3.92,Male,Cereal,430,3.0,420.0,No,"Ice cream, cake, pop, pizza, and milkshakes.","Happiness, sadness, celebration.",Currently whatever Egan has at the moment.,I've eaten more fruits and vegetables. Started eating seafood.,Italian,Pizza,Modest proportions of many different food groups.,Low Carb,"Pizza, chicken, pasta",1.0,No,725.0,500,Soccer,Yes,900,210.0,Obese,Other,Employed,,Healthier eating,Vegetarian,3,Freshman,Unhealthy,More than $100k,Single,Postgrad,High School,2,Few times a week,Part-time,,4–5 times a week,Neutral,Neutral,Neutral,Likely,Very Likely,Neutral,Neutral
3.9,Female,Cereal,720,3.0,420.0,No,"Mac and Cheese, Pizza, Ice Cream and French Fries ","Boredom, anger and just being hungry in general.",I try to maintain a healthy diet. I always try to eat foods that are beneficial to my health and that will impact me in the long run.,Coming to college I definitely have tried to change my eating habits in order to maintain my weight and be more healthy. ,Italian,"Chicken Parm, Spaghetti, and Grilled Cheese",It combines a protein with other elements of the diet such as vegetables and other items that support the body.,Low Carb,"Chicken Parm, Baked Ziti, Shrimp Alfredo ",1.0,Yes,1165.0,500,Running ,No,760,155.0,Normal,Other,Employed,Depressed,Healthier eating,,5 or more,Sophomore,Very Unhealthy,$80k–$100k,Single,Some College,Postgrad,5 or more,Every day,Part-time,,4–5 times a week,Very Unlikely,Unlikely,Unlikely,Neutral,Very Likely,Very Unlikely,Neutral
3.9,Male,Cereal,720,3.0,315.0,Yes,"Soup, pasta, cake","Depression, comfort, accessibility ",Somewhat unhealthy. This is due to my hectic work and school schedule.,When I was on campus (which I am not anymore) I ate way more fruits and vegetables since I had easy access to them.,Italian,"Chicken parmigiana, wedding soup, pasta","Well balanced with protein, fruits, vegetables, starch, etc.",High Protein,"Chicken parmigiana, pasta, wedding soup",4.0,Yes,1165.0,690,Tennis,Yes,1315,185.0,Obese,Business Owner,Other,Happy,Healthier eating,Vegetarian,5 or more,Senior,,More than $100k,Married,High School,Bachelor,4,Few times a week,Full-time,,Never,,Very Likely,Very Likely,Very Likely,Very Likely,Very Unlikely,Very Likely
3.2,Female,Cereal,430,4.0,420.0,Yes,"mac & cheese, frosted brownies, chicken nuggs","they are yummy, my boyfriend sometimes makes me sad, boredom","i drink alot of lemon water, and milk. i also eat ice cream frequently after dinner. but i also eat lots of fruits and veggies",eat more salads,Italian,"chicken, macaroni & cheese, cheesy potatoes","lean meat, fresh fruits & veggies",Vegan,"chicken alfredo, chicken parmesan, spaghetti",1.0,Yes,1165.0,690,softball,Yes,900,165.0,Normal,Business Owner,Employed,Happy,Healthier eating,Vegetarian,5 or more,Freshman,Neutral,$60k–$80k,Married,Bachelor,Some College,5 or more,,Part-time,,1–3 times a week,Very Unlikely,Neutral,Very Unlikely,Neutral,Very Likely,Very Unlikely,Very Unlikely
3.5,Female,Cereal,610,3.0,,No,"watermelon, grapes, ice cream","Sad, bored, excited",I typically eat very healthy. i consume fruits and vegetables in about every meal. ,I consume a lot more grapefuit since I've come to college. The meals here are also more greasy than I am used to. ,Italian,"Spaghetti, Tuna noodle casserole, Italian sausage","water, fruits, vegetables, protein, carbs",Vegan,"spaghetti, steak, lasagna ",1.0,Yes,,500,"Volleyball, Track",No,900,125.0,Normal,Other,Other,Happy,No change,,5 or more,Freshman,Unhealthy,$20k–$40k,Married,High School,High School,5 or more,Few times a week,Part-time,,4–5 times a week,Very Unlikely,Very Likely,Very Likely,Very Likely,Very Likely,Very Likely,Very Likely
3.4,Female,Cereal,610,,420.0,No,"macaroni and cheese, stuffed peppers, hamburgers, french fries","boredom, stress, mood swings",At this time it is very touch and go. Some days I live on sandwiches and ice cream while other days I eat lots of fruits and vegetables. ,I eat a lot more carbs than I did when I lived at home.,Chinese,"chicken nuggets, macaroni and cheese",More vegetables and fruits as opposed to meat and bread/potatoes,Low Carb,,1.0,No,1165.0,500,,No,1315,160.0,Normal,Other,Other,Depressed,No change,Vegetarian,5 or more,Freshman,Neutral,$80k–$100k,Single,Bachelor,Bachelor,5 or more,Once a week,Part-time,,4–5 times a week,Neutral,Very Likely,Likely,Very Likely,Very Likely,Likely,Neutral
,Female,Cereal,610,4.0,420.0,No,"Pizza, mashed potatoes, spaghetti","Anger, sadness","A very healthy diet. Avoiding junk foods, and any white breads. ","Avoiding ""easy options"" such as junk foods ",Italian,Pizza,"A protein, veggies, and a carb",High Protein,,1.0,No,940.0,500,,Yes,900,135.0,Normal,Employed,Other,Happy,Healthier eating,,5 or more,Sophomore,,,Single,Postgrad,Postgrad,5 or more,Every day,Full-time,,1–3 times a week,Neutral,Unlikely,Very Unlikely,Very Likely,Very Likely,Very Unlikely,Unlikely
3.7,Female,Cereal,610,3.0,420.0,No,"dark chocolate, terra chips, reese's cups(dark chocolate), and bread/crackers with cottage cheese","Anxiousness, watching TV I desire ""comfort food"" ",I have been eating mainly proteins and some fruits and vegetables every day with some less healthy snack foods.  ,"Coming to college I have ate less well colored meals each day due to lack of income and desire to save money. I used to eat more fruits and vegetables, more chicken and salmon, now these habits have lightened up and are not as frequent and regular in the week. I have also started eating more bread and dairy products.",,Tortellini and Broccoli with parmesan cheese and homemade breaded chicken with sweet potato,"Salmon, sweet potato, and larger portion, but equally spread of broccoli, squash, zucchini, carrots, and tomatoes.",Low Carb,"Spaghetti and pasta, seasoned salmon with steamed or boiled broccoli, or soup with ritz crackers if I was busy that day.",1.0,No,725.0,345,"When I can, rarely though play pool, darts, and basketball.",Yes,760,130.0,Normal,Other,Other,,No change,,5 or more,Junior,Healthy,$60k–$80k,Single,Bachelor,Bachelor,5 or more,Few times a week,Part-time,,4–5 times a week,Very Unlikely,Neutral,Very Likely,Very Likely,Very Likely,Neutral,Neutral
Unknown,Female,Cereal,720,3.0,420.0,No,"Chips, chocolate, ,mozzarella sticks ","Boredom, sadness, anxiety","High in carbs, but I have recently tried to cut down on fats, salt, and sugars. I choose more organic options as well as more fruits and vegetables. ",I've definitely gotten used to eating more often since I have a fully cooked meal available to me at all the time.  Sometimes I would only eat one full meal and a snack in high school because I was so busy and did not have the time to cook. ,Italian,"Chicken Marsala, Manicotti, Mashed Potatoes","Vegetables, white meat, and a starch like potatoes, water, and fruit for dessert ",Low Carb,"Pasta, Burgers and Fries, Chicken Marsala",1.0,No,940.0,690,None at the moment,Yes,1315,230.0,Obese,Business Owner,Other,Depressed,No change,Vegetarian,4,Freshman,,$80k–$100k,Single,Some College,Bachelor,5 or more,,Part-time,,4–5 times a week,Neutral,Neutral,Neutral,Likely,Very Likely,Unlikely,Very Likely
3,Female,Cereal,720,3.0,420.0,No,"ice cream, chips, candy","Boredom, laziness, anger","Since I am a college student I rarely cook full meals with protein, vegetables and starch. I usually just heat up leftovers from a restaurant or go eat casual food at the dining hall.",I do not eat full meals. Rarely eat 3 meals a day. ,Italian,"hot dogs, chicken fingers, mashed potatoes","I think a healthy meals includes some kind of protein, preferably meat, vegetables, and a starch such as potatoes or rice",Other,"Chicken rice and asparagus, pizza, something easy in the crockpot",2.0,Yes,1165.0,690,volleyball,No,1315,125.0,Normal,Other,Other,Depressed,No change,Vegetarian,3,Senior,Unhealthy,$60k–$80k,Married,Some College,Bachelor,2,Few times a week,,,1–3 times a week,Neutral,Very Likely,Neutral,Likely,Very Likely,Likely,Neutral
3,Female,Cereal,430,3.0,315.0,No,"Pizza, soda, chocolate brownie, chicken tikka masala and butter naan ",Stress and sadness,"It is pretty balanced with a diverse mixture of proteins, carbohydrates, vitamins and minerals. Fruits and chicken dominate my diet. ","I have been drinking more water. Since college, I've been more conscious about my diet and incorporated more fruits on my diet. ",Chinese,"Chicken Biryani, Dad's burgers, Chicken curry",A healthy meal constitutes of balanced diet with fruits and veggies dominating the plate. ,Balanced,"Marinated nuts, prawn crackers, drink of their choice, mixed veggie crackersRice, chicken curry, lentil, pickle, potato kebabLemon Meringue Pie",1.0,No,580.0,500,,No,760,130.0,Normal,Other,Other,,Healthier eating,,5 or more,Freshman,,Less than $20k,Single,Bachelor,Postgrad,5 or more,Few times a week,,,Never,Very Unlikely,Very Likely,Very Likely,Very Likely,Very Likely,Likely,Likely
3.8,Female,Cereal,430,3.0,420.0,Yes,"Chocolate, Pasta, Cookies","I am always stressed out, and bored when I am in my apartment. ",I try to eat a balanced meal. I refrain from anything too fatty. ,My diet could improve now. I have been eating more than I should.,Italian,dino chicken nuggets,To me a healthy meal is balanced and ,Low Carb,"Pasta, Croque Madam, chicken ",1.0,No,1165.0,690,I used to play softball ,No,900,165.0,Normal,Other,Other,,No change,,4,Sophomore,Very Healthy,$60k–$80k,Single,Some College,Some College,4,Every day,Part-time,,4–5 times a week,Neutral,Neutral,Neutral,Likely,Very Likely,Unlikely,Very Likely
3.8,Female,Cereal,430,2.0,420.0,No,"Candy, salty snacks, toast","Stress, sadness, boredom",moderately health conscious ,Late night snacking,Italian,Spaghetti and chicken parm,"equal portions of carbs, proteins and fruits/veges",Balanced,"Steak, salmon, chicken parm",1.0,Yes,580.0,345,Ice hockey,No,760,128.0,Normal,Other,Other,,No change,,5 or more,Sophomore,,More than $100k,Married,Some College,Bachelor,5 or more,Every day,Full-time,,4–5 times a week,Unlikely,Unlikely,Very Likely,Unlikely,Very Likely,Unlikely,Unlikely
3.4,Female,Cereal,610,3.0,420.0,No,"Mac in cheese, pizza, mozzarella sticks ","Stress, frustration, self-consciousness ","protein, carbs, less fruits and vegetables, some sweets ",I snack less and eat smaller portions ,Italian,Chicken parm. ,Salad with chicken and vegetables with a raspberry vinaigrette ,Low Carb,"Spaghetti, Grilled Chicken, Pizza ",1.0,No,940.0,690, None,Yes,1315,200.0,Obese,Other,Other,,Healthier eating,Vegetarian,4,Sophomore,Very Healthy,More than $100k,Single,Postgrad,Postgrad,3,Once a week,Part-time,,1–3 times a week,Unlikely,Unlikely,Very Unlikely,Unlikely,Very Likely,Very Unlikely,Unlikely
3.7,Female,Cereal,610,3.0,315.0,Yes,"Ice-cream, pizza, chocolate",Sadness and cravings,I eat at least 2 times a day at the universities dining places. I also sometimes cook myself and try to eat healthy a majority of the time. ,I eat out more. ,Italian,Spaghetti,"It includes a protein, vegetable, fruit, and grain. ",Low Carb,"Grilled chicken, Spaghetti, Alfredo ",2.0,Yes,580.0,690,Volleyball,No,900,160.0,Normal,Other,Other,,No change,Vegetarian,3,Senior,,$40k–$60k,Married,Bachelor,Bachelor,3,Few times a week,Full-time,,Rarely,Very Unlikely,Likely,Neutral,Neutral,Very Likely,Likely,Neutral
2.9,Male,Cereal,265,2.0,980.0,No,"snacks, chips, ",boredom,some healthy food and also some not so healthy.,more healthy food,,"Pizza, Pita, Lasagna",low calories plenty of veggies,Low Carb,,3.0,No,725.0,345,,No,1315,170.0,Normal,Other,Other,,Healthier eating,,3,Junior,,$80k–$100k,Single,High School,High School,3,Few times a week,Part-time,,4–5 times a week,Very Unlikely,Very Likely,Very Unlikely,Neutral,Neutral,Very Unlikely,Very Unlikely
3.9,Female,Cereal,610,4.0,315.0,No,"Chocolate, Ice cream, pizza","Sadness, happiness and boredom",I eat a lot of proteins and fruit and vegetables. I try to stay away from carbohydrates and sugary foods.,I had to change a lot. I keep track of calories and cut out most breads and wraps.,Italian,"Mac & Cheese, Chicken, Stir Fry ",A pice of meat such as chicken with a side of vegetables and possibly a salad,Vegan,"Dinner, Lunch, Dessert ",1.0,No,725.0,500,,No,900,129.0,Normal,Employed,Employed,,Healthier eating,,5 or more,Senior,,More than $100k,Married,Postgrad,Postgrad,3,Every day,Full-time,,Rarely,Neutral,Very Likely,Very Likely,Very Likely,Very Likely,Very Likely,Very Likely
3.6,Female,Cereal,430,2.0,420.0,Yes,"ice cream, pizza, Chinese food ",Boredom and sadness,"My current diet would be considered a ""college diet"". I eat a lot of pizza and ramen noodles. ",They have gotten very bad. I eat a lot more food that I know I should not eat. ,Italian,Mac and Cheese ,"Blackened Chicken, broccoli, and milk",,"Beef Stroganoff, Chicken and Mashed Potatoes, Tacos ",1.0,No,1165.0,690,,No,900,170.0,Normal,Employed,Employed,,No change,Vegetarian,4,Senior,,More than $100k,Married,Bachelor,Bachelor,2,Few times a week,Part-time,,1–3 times a week,Very Unlikely,Neutral,Unlikely,Neutral,Very Likely,Neutral,Unlikely
2.8,Male,Cereal,610,3.0,315.0,No,"Burgers, indian and korean food","sadness, happiness and hunger",Not very healthy,not eating meals on time,Chinese,"Dumplings, Chicken Curry and Pizza","Meat, greens and food containing protein",Low Carb,"Meat, meat and meat",1.0,Yes,940.0,850,"Tennis, Basketball",No,760,138.0,Normal,Other,Other,,No change,Vegetarian,4,Sophomore,,$40k–$60k,Married,Postgrad,Postgrad,3,Few times a week,Full-time,,1–3 times a week,Neutral,Neutral,Very Likely,Likely,Likely,Neutral,Very Likely
3.3,Male,Cereal,610,4.0,980.0,No,"chocolate bar, ice cream, pretzels, potato chips and protein bars.","Stress, boredom and physical activity",I currently eat an abundance of carbohydrates. I have a low intake of protein. I overly intake calcium.,Eating more dairy due to more ice cream intake.,,"Pasta, Pizza, Popcorn",Intaking the proper amount of each food group,High Protein,"Pasta, Chicken, Pizza",1.0,Yes,1165.0,690,Hockey,No,1315,150.0,Normal,Other,Employed,,No change,Vegetarian,5 or more,Freshman,,More than $100k,Married,Postgrad,Postgrad,2,Every day,Part-time,,4–5 times a week,Neutral,Very Unlikely,Very Unlikely,Unlikely,Likely,Unlikely,Very Unlikely
3.4,Female,Cereal,610,,420.0,No,"Ice cream, chocolate, pizza, cucumber ","loneliness, homework, boredom ","It is very unbalance. Mostly fat food, Lack of vegetables.",less vegetable more sweats,Chinese,"Fry Chicken, Rice Vegetable",BBQ Chicken with mash sweat potatoes and steam vegetable with corn and a glass of water.,Other,"Rice and Peas and Chicken, Jerk Chicken and Shrimp",1.0,No,725.0,345,none,Yes,1315,170.0,Normal,Business Owner,Business Owner,,No change,Vegetarian,5 or more,Freshman,Very Healthy,Less than $20k,Single,Some College,Some College,5 or more,Few times a week,Full-time,,Rarely,Unlikely,Very Unlikely,Neutral,Likely,Very Likely,Very Unlikely,Very Likely
3.77,Female,Cereal,610,,315.0,No,"Noodle ( any kinds of noodle), Tuna sandwich, and Egg.",When i'm  eating with my close friends/ Food smell or look good/ when I feel tired,I eat in dining hall of school everyday. I usually have both meat and a little vegetable in every meal. ,"I eat more vegetable. Since coming to college, I started to eat salads and tried to eat salads at least three times a week.",Chinese,"Noodle, Wings, and Tiramisu",Including both vegetable and meat,Low Carb,"Vietnamese fried rolls, Pho, Some kinds of noodles.",1.0,No,725.0,690,"No, I don't play sport.",Yes,760,113.0,Normal,Business Owner,Business Owner,,Healthier eating,,3,Sophomore,,$20k–$40k,Single,High School,High School,3,,Part-time,,4–5 times a week,Neutral,Unlikely,Unlikely,Likely,Likely,Unlikely,Very Likely
3.63,Female,Cereal,430,3.0,420.0,Yes,"Chinese, chips, cake",Stress and boredom ,Try to eat as healthy as possible. A few days where fast food comes into play because of classes. ,I try to eat more fruits and vegetables ,American,Chinese,Chicken vegetables and fruit for dinner ,Other,Chinese tacos or pasta ,3.0,No,940.0,345,,No,1315,140.0,Normal,Other,Other,,Healthier eating,Vegetarian,5 or more,Sophomore,Very Healthy,$40k–$60k,Married,High School,High School,5 or more,Few times a week,Part-time,,4–5 times a week,Very Unlikely,Neutral,Neutral,Likely,Very Likely,Unlikely,Likely
3.2,Male,Cereal,610,3.0,420.0,No,"chips, rice, chicken curry,","Happiness, boredom, social event","My diet is mostly whatever I get to eat in the grotto commons. Sometimes, I eat outside",Started eating a lot of protein rich food that i didnt before.,,"pizza, burger, pasta",A diet that is well balanced in most of the nutrients needed for the body.,High Protein,"Chicken, Rice, Vegetables",1.0,Yes,1165.0,690,Soccer,No,1315,185.0,Obese,Other,Other,,Healthier eating,Vegetarian,5 or more,Senior,,$20k–$40k,Married,Postgrad,Postgrad,5 or more,Few times a week,Part-time,,4–5 times a week,Neutral,Very Likely,Very Likely,Very Likely,Very Likely,Very Likely,Very Likely
3.5,Female,Cereal,610,4.0,420.0,No,"wine. mac and cheese, pizza, ice cream ",boredom and sadness ,"My diet consists mainly of coffee, water, fruits, vegetables, and chicken. I tend to stay away from bread and pasta as much as possible. ","I have noticed there is less time for a prepared meal, so quick and easy has become the norm.",Italian,Stromboli Mac and Cheese and Pizza,mainly protein and vegetables with a complex carb ,,"pasta, fish, steak",3.0,Yes,940.0,500,Softball,Yes,1315,156.0,Normal,Employed,Other,,No change,Vegetarian,5 or more,Senior,Very Healthy,$60k–$80k,Single,Some College,Bachelor,5 or more,Few times a week,Unemployed,,4–5 times a week,Very Unlikely,Very Likely,Neutral,Likely,Very Likely,Neutral,Very Likely
3,Female,Cereal,265,2.0,315.0,No,Pizza / Wings / Cheesecake,Loneliness / Homesick / Sadness,A college student with an imbalanced diet trying to be healthy.,Eating Pizza as an excuse when there is nothing else to it.,Mexican,"Isombe , Plantains and Ugali","A healthy meal is a variety of food , organic food that gives you the nutrients such as protein , carbohydrates , fat , water , vitamins and minerals.",Other,"Fried Rice Baked potatoes Curry Chicken",1.0,,940.0,500,basketball ,No,1315,180.0,Normal,Employed,Other,,No change,Vegetarian,4,Senior,Very Healthy,$20k–$40k,Single,High School,Postgrad,5 or more,Few times a week,Full-time,,Rarely,Very Unlikely,Very Unlikely,Very Likely,Neutral,Very Likely,Very Unlikely,Likely
3.882,Female,Cereal,720,,420.0,Yes,"rice, potato, seaweed soup",sadness,"Rice, oatmeal, and tea",less rice,Chinese,Rice and potato,lots of vegetables,Low Carb,"meat, rice, kimchi",1.0,No,580.0,690,none,No,1315,120.0,Normal,Other,Other,,No change,Vegetarian,4,Junior,,$20k–$40k,Single,No High School,Postgrad,4,Few times a week,Full-time,,1–3 times a week,Very Unlikely,Very Likely,Very Likely,Very Likely,Neutral,Very Likely,Very Likely
3,Male,Cereal,720,4.0,420.0,Yes,"Mac n Cheese, Lasagna, Pizza","happiness, they are some of my favorite foods","I try to eat as healthy as possible everyday.  I have fruit, yogurt and a protein shake everyday.  The other foods i eat vary on a day to day basis.",I don't eat as much on a daily basis since coming to college.,Italian,pizza and spaghetti ,"A protein, a fruit, a starch, and a salad or some sort of vegetable.",,"Pizza, Spaghetti, Baked Ziti",1.0,No,940.0,500,,Yes,1315,135.0,Normal,Other,Other,,No change,,5 or more,Freshman,Very Unhealthy,$60k–$80k,Single,High School,Some College,3,Every day,Part-time,,Never,Neutral,Very Unlikely,Very Unlikely,Unlikely,Very Likely,Very Unlikely,Very Unlikely
3.9,Female,Cereal,430,,315.0,No,"Chocolates, pizza, and Ritz.","hormones, Premenstrual syndrome.",high in protein and low in carbohydrates.,I have learned to eat more vegetables. ,Mexican,"rice, beans, and chicken / pizza/ tenders","a cup of rice, vegetables, and meat. ",High Protein,"Vegetables, Meat, and rice.",1.0,No,725.0,345,,No,575,135.0,Normal,Other,Other,,Healthier eating,,3,Junior,Neutral,$80k–$100k,Married,Some College,Bachelor,4,Few times a week,Part-time,,Every day,Very Unlikely,Unlikely,Unlikely,Neutral,Neutral,Unlikely,Unlikely
